Gas,Mean,VAR990,VAR999,CTE990,CTE999
Regular,86.3655,1288.648,7265.4536,6387.2211,41627.181
Diesel,85.32104,1319.3579,6909.61252,6049.39155,38104.21771
